{
    "spriteSheetURL": "./graphics/breakout.png",
    "size":[8,8],
    "sprites":[
        {
            "name":"blue_ball",
            "x":96,
            "y":48,
            "scalefactor":3,
            "colorKey":-1,
            "collision":false
        },
        {
            "name":"green_ball",
            "x":104,
            "y":48,
            "scalefactor":3,
            "colorKey":-1,
            "collision":false
        },
        {
            "name":"red_ball",
            "x":112,
            "y":48,
            "scalefactor":3,
            "colorKey":-1,
            "collision":false
        },
        {
            "name":"purple_ball",
            "x":120,
            "y":48,
            "scalefactor":3,
            "colorKey":-1,
            "collision":false
        },
        {
            "name":"gold_ball",
            "x":96,
            "y":56,
            "scalefactor":3,
            "colorKey":-1,
            "collision":false
        },
        {
            "name":"gray_ball",
            "x":104,
            "y":56,
            "scalefactor":3,
            "colorKey":-1,
            "collision":false
        },
        {
            "name":"last_ball",
            "x":112,
            "y":56,
            "scalefactor":3,
            "colorKey":-1,
            "collision":false
        }        ]
}


