{
    "spriteSheetURL": "./graphics/character_walk.png",
    "type":"animation",
    "size":[16,32],
    "sprites":[
        {
            "name":"character_walk_down",
            "images":[
                {
                    "x":0,
                    "y":0,
                    "scale":3
                },
                {
                    "x":16,
                    "y":0,
                    "scale":3
                },
                {
                    "x":32,
                    "y":0,
                    "scale":3
                },
			{
                    "x":48,
                    "y":0,
                    "scale":3
                }

            ],
	       "idle_image":
			{
				"x":0,
				"y":0,
				"scale":3
		     },
            "interval_time":0.15,
            "colorKey": null
        },
        {
            "name":"character_walk_right",
            "images":[
                {
                    "x":0,
                    "y":32,
                    "scale":3
                },
                {
                    "x":16,
                    "y":32,
                    "scale":3
                },
                {
                    "x":32,
                    "y":32,
                    "scale":3
                },
			{
                    "x":48,
                    "y":32,
                    "scale":3
                }

            ],
	       "idle_image":
			{
				"x":0,
				"y":32,
				"scale":3
		     },

            "interval_time":0.15,
            "colorKey": null
        },
        {
            "name":"character_walk_up",
            "images":[
                {
                    "x":0,
                    "y":64,
                    "scale":3
                },
                {
                    "x":16,
                    "y":64,
                    "scale":3
                },
                {
                    "x":32,
                    "y":64,
                    "scale":3
                },
			{
                    "x":48,
                    "y":64,
                    "scale":3
                }

            ],
	       "idle_image":
			{
				"x":0,
				"y":64,
				"scale":3
		     },
            "interval_time":0.15,
            "colorKey": null
        },
	   {
            "name":"character_walk_left",
            "images":[
                {
                    "x":0,
                    "y":96,
                    "scale":3
                },
                {
                    "x":16,
                    "y":96,
                    "scale":3
                },
                {
                    "x":32,
                    "y":96,
                    "scale":3
                },
			{
                    "x":48,
                    "y":96,
                    "scale":3
                }

            ],
	       "idle_image":
			{
				"x":0,
				"y":96,
				"scale":3
		     },

            "interval_time":0.155,
            "colorKey": null
        }
]
}

