{
  "spriteSheetURL": "./graphics/Props.png",
  "type": "none",
  "size": [16, 16],
  "sprites": [
    {
      "name": "health",
      "x": 0,
      "y": 224,
      "scalefactor": 3,
      "colorKey": -1
    },
    {
      "name": "health2",
      "x": 48,
      "y": 224,
      "scalefactor": 3,
      "colorKey": -1
    },
    {
      "name": "other",
      "x": 96,
      "y": 240,
      "scalefactor": 3,
      "colorKey": -1
    },
    {
      "name": "other2",
      "x": 128,
      "y": 240,
      "scalefactor": 3,
      "colorKey": -1
    }
  ]
}
