{
  "spriteSheetURL": "./graphics/entities.png",
  "type": "animation",
  "size": [16, 16],
  "sprites": [
    {
      "name": "other_walk_down",
      "images": [
        {
          "x": 96,
          "y": 64,
          "scale": 3
        },
        {
          "x": 112,
          "y": 64,
          "scale": 3
        },
        {
          "x": 128,
          "y": 64,
          "scale": 3
        }
      ],
      "idle_image": {
        "x": 96,
        "y": 64,
        "scale": 3
      },
      "interval_time": 0.6,
      "colorKey": null
    },
    {
      "name": "other_walk_right",
      "images": [
        {
          "x": 96,
          "y": 96,
          "scale": 3
        },
        {
          "x": 112,
          "y": 96,
          "scale": 3
        },
        {
          "x": 128,
          "y": 96,
          "scale": 3
        }
      ],
      "idle_image": {
        "x": 96,
        "y": 96,
        "scale": 3
      },

      "interval_time": 0.6,
      "colorKey": null
    },
    {
      "name": "other_walk_up",
      "images": [
        {
          "x": 96,
          "y": 112,
          "scale": 3
        },
        {
          "x": 112,
          "y": 112,
          "scale": 3
        },
        {
          "x": 128,
          "y": 112,
          "scale": 3
        }
      ],
      "idle_image": {
        "x": 96,
        "y": 112,
        "scale": 3
      },
      "interval_time": 0.6,
      "colorKey": null
    },
    {
      "name": "other_walk_left",
      "images": [
        {
          "x": 96,
          "y": 80,
          "scale": 3
        },
        {
          "x": 112,
          "y": 80,
          "scale": 3
        },
        {
          "x": 128,
          "y": 80,
          "scale": 3
        }
      ],
      "idle_image": {
        "x": 96,
        "y": 80,
        "scale": 3
      },

      "interval_time": 0.66,
      "colorKey": null
    }
  ]
}
