{
    "spriteSheetURL": "./graphics/Violet/Idle.png",
    "size": [42, 42],
    "sprites": [
        {
            "name": "violet_idle_1",
            "x": 0,
            "y": 0,
            "scalefactor": 1,
            "colorKey": -1
        },
        {
            "name": "violet_idle_2",
            "x": 42,
            "y": 0,
            "scalefactor": 1,
            "colorKey": -1
        },
        {
            "name": "violet_idle_3",
            "x": 84,
            "y": 0,
            "scalefactor": 1,
            "colorKey": -1
        },
        {
            "name": "violet_idle_4",
            "x": 126,
            "y": 0,
            "scalefactor": 1,
            "colorKey": -1
        }
    ]
}
